Workbook

Sheet Results
A1: Series | B1: Level | C1: Bytes | D1: Ratio | E1: Comp. MB/s | F1: Decomp. MB/s | G1: Frontier | H1: Notes
A2: OpenZL -p parquet | B2: -l 1 | C2: 537684 | D2: =About!$B$4/C2 | E2: 366.485 | F2: 1816.1 | G2: =MID(IF(SUMPRODUCT(($C$2:$C$18<=C2)*($E$2:$E$18>=E2)*((($C$2:$C$18<C2)+($E$2:$E$18>E2))>0))=0," C","")&IF(SUMPRODUCT(($C$2:$C$18<=C2)*($F$2:$F$18>=F2)*((($C$2:$C$18<C2)+($F$2:$F$18>F2))>0))=0," D","")&IF(SUMPRODUCT(($C$2:$C$18<=C2)*($E$2:$E$18>=E2)*($F$2:$F$18>=F2)*((($C$2:$C$18<C2)+($E$2:$E$18>E2)+($F$2:$F$18>F2))>0))=0," 3D",""),2,9)
A3: OpenZL -p parquet | B3: -l 2 | C3: 539316 | D3: =About!$B$4/C3 | E3: 311.488 | F3: 1748.43 | G3: =MID(IF(SUMPRODUCT(($C$2:$C$18<=C3)*($E$2:$E$18>=E3)*((($C$2:$C$18<C3)+($E$2:$E$18>E3))>0))=0," C","")&IF(SUMPRODUCT(($C$2:$C$18<=C3)*($F$2:$F$18>=F3)*((($C$2:$C$18<C3)+($F$2:$F$18>F3))>0))=0," D","")&IF(SUMPRODUCT(($C$2:$C$18<=C3)*($E$2:$E$18>=E3)*($F$2:$F$18>=F3)*((($C$2:$C$18<C3)+($E$2:$E$18>E3)+($F$2:$F$18>F3))>0))=0," 3D",""),2,9)
A4: OpenZL -p parquet | B4: -l 3 | C4: 543520 | D4: =About!$B$4/C4 | E4: 303.917 | F4: 1754.95 | G4: =MID(IF(SUMPRODUCT(($C$2:$C$18<=C4)*($E$2:$E$18>=E4)*((($C$2:$C$18<C4)+($E$2:$E$18>E4))>0))=0," C","")&IF(SUMPRODUCT(($C$2:$C$18<=C4)*($F$2:$F$18>=F4)*((($C$2:$C$18<C4)+($F$2:$F$18>F4))>0))=0," D","")&IF(SUMPRODUCT(($C$2:$C$18<=C4)*($E$2:$E$18>=E4)*($F$2:$F$18>=F4)*((($C$2:$C$18<C4)+($E$2:$E$18>E4)+($F$2:$F$18>F4))>0))=0," 3D",""),2,9)
A5: OpenZL -p parquet | B5: -l 4 | C5: 577403 | D5: =About!$B$4/C5 | E5: 134.879 | F5: 1108.86 | G5: =MID(IF(SUMPRODUCT(($C$2:$C$18<=C5)*($E$2:$E$18>=E5)*((($C$2:$C$18<C5)+($E$2:$E$18>E5))>0))=0," C","")&IF(SUMPRODUCT(($C$2:$C$18<=C5)*($F$2:$F$18>=F5)*((($C$2:$C$18<C5)+($F$2:$F$18>F5))>0))=0," D","")&IF(SUMPRODUCT(($C$2:$C$18<=C5)*($E$2:$E$18>=E5)*($F$2:$F$18>=F5)*((($C$2:$C$18<C5)+($E$2:$E$18>E5)+($F$2:$F$18>F5))>0))=0," 3D",""),2,9)
A6: OpenZL -p parquet | B6: -l 5 | C6: 567939 | D6: =About!$B$4/C6 | E6: 125.742 | F6: 1159.53 | G6: =MID(IF(SUMPRODUCT(($C$2:$C$18<=C6)*($E$2:$E$18>=E6)*((($C$2:$C$18<C6)+($E$2:$E$18>E6))>0))=0," C","")&IF(SUMPRODUCT(($C$2:$C$18<=C6)*($F$2:$F$18>=F6)*((($C$2:$C$18<C6)+($F$2:$F$18>F6))>0))=0," D","")&IF(SUMPRODUCT(($C$2:$C$18<=C6)*($E$2:$E$18>=E6)*($F$2:$F$18>=F6)*((($C$2:$C$18<C6)+($E$2:$E$18>E6)+($F$2:$F$18>F6))>0))=0," 3D",""),2,9)
A7: OpenZL -p parquet | B7: -l 6 | C7: 562193 | D7: =About!$B$4/C7 | E7: 121.18 | F7: 1179.88 | G7: =MID(IF(SUMPRODUCT(($C$2:$C$18<=C7)*($E$2:$E$18>=E7)*((($C$2:$C$18<C7)+($E$2:$E$18>E7))>0))=0," C","")&IF(SUMPRODUCT(($C$2:$C$18<=C7)*($F$2:$F$18>=F7)*((($C$2:$C$18<C7)+($F$2:$F$18>F7))>0))=0," D","")&IF(SUMPRODUCT(($C$2:$C$18<=C7)*($E$2:$E$18>=E7)*($F$2:$F$18>=F7)*((($C$2:$C$18<C7)+($E$2:$E$18>E7)+($F$2:$F$18>F7))>0))=0," 3D",""),2,9) | H7: traced
A8: OpenZL -p parquet | B8: -l 7 | C8: 560396 | D8: =About!$B$4/C8 | E8: 115.341 | F8: 1186.67 | G8: =MID(IF(SUMPRODUCT(($C$2:$C$18<=C8)*($E$2:$E$18>=E8)*((($C$2:$C$18<C8)+($E$2:$E$18>E8))>0))=0," C","")&IF(SUMPRODUCT(($C$2:$C$18<=C8)*($F$2:$F$18>=F8)*((($C$2:$C$18<C8)+($F$2:$F$18>F8))>0))=0," D","")&IF(SUMPRODUCT(($C$2:$C$18<=C8)*($E$2:$E$18>=E8)*($F$2:$F$18>=F8)*((($C$2:$C$18<C8)+($E$2:$E$18>E8)+($F$2:$F$18>F8))>0))=0," 3D",""),2,9)
A9: OpenZL -p parquet | B9: -l 8 | C9: 559403 | D9: =About!$B$4/C9 | E9: 110.799 | F9: 1189.14 | G9: =MID(IF(SUMPRODUCT(($C$2:$C$18<=C9)*($E$2:$E$18>=E9)*((($C$2:$C$18<C9)+($E$2:$E$18>E9))>0))=0," C","")&IF(SUMPRODUCT(($C$2:$C$18<=C9)*($F$2:$F$18>=F9)*((($C$2:$C$18<C9)+($F$2:$F$18>F9))>0))=0," D","")&IF(SUMPRODUCT(($C$2:$C$18<=C9)*($E$2:$E$18>=E9)*($F$2:$F$18>=F9)*((($C$2:$C$18<C9)+($E$2:$E$18>E9)+($F$2:$F$18>F9))>0))=0," 3D",""),2,9)
A10: OpenZL -p parquet | B10: -l 9 | C10: 559314 | D10: =About!$B$4/C10 | E10: 106.59 | F10: 1184.58 | G10: =MID(IF(SUMPRODUCT(($C$2:$C$18<=C10)*($E$2:$E$18>=E10)*((($C$2:$C$18<C10)+($E$2:$E$18>E10))>0))=0," C","")&IF(SUMPRODUCT(($C$2:$C$18<=C10)*($F$2:$F$18>=F10)*((($C$2:$C$18<C10)+($F$2:$F$18>F10))>0))=0," D","")&IF(SUMPRODUCT(($C$2:$C$18<=C10)*($E$2:$E$18>=E10)*($F$2:$F$18>=F10)*((($C$2:$C$18<C10)+($E$2:$E$18>E10)+($F$2:$F$18>F10))>0))=0," 3D",""),2,9)
A11: OpenZL -p parquet | B11: -l 12 | C11: 555977 | D11: =About!$B$4/C11 | E11: 63.7167 | F11: 1192.88 | G11: =MID(IF(SUMPRODUCT(($C$2:$C$18<=C11)*($E$2:$E$18>=E11)*((($C$2:$C$18<C11)+($E$2:$E$18>E11))>0))=0," C","")&IF(SUMPRODUCT(($C$2:$C$18<=C11)*($F$2:$F$18>=F11)*((($C$2:$C$18<C11)+($F$2:$F$18>F11))>0))=0," D","")&IF(SUMPRODUCT(($C$2:$C$18<=C11)*($E$2:$E$18>=E11)*($F$2:$F$18>=F11)*((($C$2:$C$18<C11)+($E$2:$E$18>E11)+($F$2:$F$18>F11))>0))=0," 3D",""),2,9)
A12: OpenZL -p parquet | B12: -l 15 | C12: 552914 | D12: =About!$B$4/C12 | E12: 44.6435 | F12: 1186.21 | G12: =MID(IF(SUMPRODUCT(($C$2:$C$18<=C12)*($E$2:$E$18>=E12)*((($C$2:$C$18<C12)+($E$2:$E$18>E12))>0))=0," C","")&IF(SUMPRODUCT(($C$2:$C$18<=C12)*($F$2:$F$18>=F12)*((($C$2:$C$18<C12)+($F$2:$F$18>F12))>0))=0," D","")&IF(SUMPRODUCT(($C$2:$C$18<=C12)*($E$2:$E$18>=E12)*($F$2:$F$18>=F12)*((($C$2:$C$18<C12)+($E$2:$E$18>E12)+($F$2:$F$18>F12))>0))=0," 3D",""),2,9)
A13: OpenZL -p parquet | B13: -l 19 | C13: 546284 | D13: =About!$B$4/C13 | E13: 8.39365 | F13: 1163.02 | G13: =MID(IF(SUMPRODUCT(($C$2:$C$18<=C13)*($E$2:$E$18>=E13)*((($C$2:$C$18<C13)+($E$2:$E$18>E13))>0))=0," C","")&IF(SUMPRODUCT(($C$2:$C$18<=C13)*($F$2:$F$18>=F13)*((($C$2:$C$18<C13)+($F$2:$F$18>F13))>0))=0," D","")&IF(SUMPRODUCT(($C$2:$C$18<=C13)*($E$2:$E$18>=E13)*($F$2:$F$18>=F13)*((($C$2:$C$18<C13)+($E$2:$E$18>E13)+($F$2:$F$18>F13))>0))=0," 3D",""),2,9) | H13: short run (D)
A14: OpenZL -p parquet | B14: -l 22 | C14: 546214 | D14: =About!$B$4/C14 | E14: 6.56989 | F14: 1158.32 | G14: =MID(IF(SUMPRODUCT(($C$2:$C$18<=C14)*($E$2:$E$18>=E14)*((($C$2:$C$18<C14)+($E$2:$E$18>E14))>0))=0," C","")&IF(SUMPRODUCT(($C$2:$C$18<=C14)*($F$2:$F$18>=F14)*((($C$2:$C$18<C14)+($F$2:$F$18>F14))>0))=0," D","")&IF(SUMPRODUCT(($C$2:$C$18<=C14)*($E$2:$E$18>=E14)*($F$2:$F$18>=F14)*((($C$2:$C$18<C14)+($E$2:$E$18>E14)+($F$2:$F$18>F14))>0))=0," 3D",""),2,9) | H14: short run (D)
A15: zstd | B15: -3 | C15: 713069 | D15: =About!$B$4/C15 | E15: 321.95 | F15: 1280.5 | G15: =MID(IF(SUMPRODUCT(($C$2:$C$18<=C15)*($E$2:$E$18>=E15)*((($C$2:$C$18<C15)+($E$2:$E$18>E15))>0))=0," C","")&IF(SUMPRODUCT(($C$2:$C$18<=C15)*($F$2:$F$18>=F15)*((($C$2:$C$18<C15)+($F$2:$F$18>F15))>0))=0," D","")&IF(SUMPRODUCT(($C$2:$C$18<=C15)*($E$2:$E$18>=E15)*($F$2:$F$18>=F15)*((($C$2:$C$18<C15)+($E$2:$E$18>E15)+($F$2:$F$18>F15))>0))=0," 3D",""),2,9)
A16: zstd | B16: -6 | C16: 681398 | D16: =About!$B$4/C16 | E16: 116.77 | F16: 1410.2 | G16: =MID(IF(SUMPRODUCT(($C$2:$C$18<=C16)*($E$2:$E$18>=E16)*((($C$2:$C$18<C16)+($E$2:$E$18>E16))>0))=0," C","")&IF(SUMPRODUCT(($C$2:$C$18<=C16)*($F$2:$F$18>=F16)*((($C$2:$C$18<C16)+($F$2:$F$18>F16))>0))=0," D","")&IF(SUMPRODUCT(($C$2:$C$18<=C16)*($E$2:$E$18>=E16)*($F$2:$F$18>=F16)*((($C$2:$C$18<C16)+($E$2:$E$18>E16)+($F$2:$F$18>F16))>0))=0," 3D",""),2,9)
A17: zstd | B17: -9 | C17: 669274 | D17: =About!$B$4/C17 | E17: 76.77 | F17: 1486.3 | G17: =MID(IF(SUMPRODUCT(($C$2:$C$18<=C17)*($E$2:$E$18>=E17)*((($C$2:$C$18<C17)+($E$2:$E$18>E17))>0))=0," C","")&IF(SUMPRODUCT(($C$2:$C$18<=C17)*($F$2:$F$18>=F17)*((($C$2:$C$18<C17)+($F$2:$F$18>F17))>0))=0," D","")&IF(SUMPRODUCT(($C$2:$C$18<=C17)*($E$2:$E$18>=E17)*($F$2:$F$18>=F17)*((($C$2:$C$18<C17)+($E$2:$E$18>E17)+($F$2:$F$18>F17))>0))=0," 3D",""),2,9)
A18: zstd | B18: -12 | C18: 660358 | D18: =About!$B$4/C18 | E18: 36.08 | F18: 1571.8 | G18: =MID(IF(SUMPRODUCT(($C$2:$C$18<=C18)*($E$2:$E$18>=E18)*((($C$2:$C$18<C18)+($E$2:$E$18>E18))>0))=0," C","")&IF(SUMPRODUCT(($C$2:$C$18<=C18)*($F$2:$F$18>=F18)*((($C$2:$C$18<C18)+($F$2:$F$18>F18))>0))=0," D","")&IF(SUMPRODUCT(($C$2:$C$18<=C18)*($E$2:$E$18>=E18)*($F$2:$F$18>=F18)*((($C$2:$C$18<C18)+($E$2:$E$18>E18)+($F$2:$F$18>F18))>0))=0," 3D",""),2,9)
A20: Bytes and speeds are measured values (see the About sheet); Ratio and Frontier are formulas over them. Speeds are the best of the runs, in MB/s on one core.

Sheet About
A1: Ratio vs speed
A2: Input file | B2: sensors.parquet
A3: Input SHA-256 | B3: 82ae5369d5273bde55471c118ef1ee88a060776427ce2a6b9897c22790935c45
A4: Input bytes | B4: 2889011
A5: Measured | B5: 2026-09-17 12:47 UTC
A6: Machine | B6: AMD EPYC 9124 16-Core Processor, 32 logical CPUs, kernel 6.8.0-136-generic, governor schedutil
A7: Core | B7: one core (core 6), pinned with taskset
A8: Runs | B8: best of 3 rounds; each zli run timed at least 0.5 s
A9: Levels | B9: zli 1-9,12,15,19,22; zstd 3,6,9,12
A10: zli | B10: cachedObjs/a847d4ccf764f93fd4db504e64368ed8/zli (zstrong-cli version 0.1), sha256 df7c82bc0bc3…; built without -march: OpenZL SIMD kernels off
A11: zstd | B11: ~/miniforge3/bin/zstd 1.5.7, sha256 08a60ba61031…
A12: Run notes | B12: Switched from core 4 to core 0 because core 4 was busy. Switched from core 0 to core 5 because core 0 was busy. Switched from core 5 to core 6 because core 5 was busy.
A13: Source | B13: codec_reviewer.py --bench results (sensors.bench.json)
A15: Legend
A16: Ratio | B16: input bytes ÷ compressed bytes
A17: Frontier C | B17: no other point is as small and as fast to compress
A18: Frontier D | B18: no other point is as small and as fast to decompress
A19: Frontier 3D | B19: no other point is as small, as fast to compress and as fast to decompress
A20: short run (D) | B20: the best decompression run took under 0.05 s, so that speed is rough (~ in the reviewer)
A21: traced | B21: the run the reviewed trace came from (zli's default level 6)
